title,seq,count
Area Sale Manager,Billing Analytics-Billing Analytics-Billing Analytics-Billing Analytics-Billing Analytics-Billing Analytics-end,1
Area Sale Manager,Billing Analytics-Billing Analytics-Billing Analytics-Billing Analytics-Billing Analytics-end,1
Area Sale Manager,Billing Analytics-Billing Analytics-Billing Analytics-Billing Analytics-end,2
Area Sale Manager,Billing Analytics-Billing Analytics-Billing Analytics-end,3
Area Sale Manager,Billing Analytics-Billing Analytics-Sales Analysis-end,4
Area Sale Manager,Billing Analytics-Billing Analytics-end,29
Area Sale Manager,Billing Analytics-Sales Analysis-end,4
Area Sale Manager,Sales Analysis-Billing Analytics-Billing Analytics-end,4
Area Sale Manager,Sales Analysis-Sales Analysis-Sales Analysis-end,1
Area Sales Manager,Billing Analytics-Billing Analytics-Billing Analytics-Billing Analytics-Billing Analytics-end,1
Area Sales Manager,Billing Analytics-Billing Analytics-Billing Analytics-Billing Analytics-end,3
Area Sales Manager,Billing Analytics-Billing Analytics-Billing Analytics-end,13
Area Sales Manager,Billing Analytics-Billing Analytics-end,17
Area Sales Manager,Billing Analytics-end,7
Area Sales Manager,Sales Analysis-Sales Analysis-Billing Analytics-end,4
Area Sales Manager,Sales Analysis-Sales Analysis-Sales Analysis-Sales Analysis-Sales Analysis-end,1
Area Sales Manager,Sales Analysis-Sales Analysis-Sales Analysis-Sales Analysis-end,3
Area Sales Manager,Sales Analysis-Sales Analysis-Sales Analysis-end,3
Area Sales Manager,Sales Analysis-Sales Analysis-end,5
Area Sales Manager ,Billing Analytics-Billing Analytics-Billing Analytics-end,5
Area Sales Manager ,Billing Analytics-Billing Analytics-end,8
Area Sales Manager ,Billing Analytics-end,7
Area Sales Manager ,Sales Analysis-Sales Analysis-Sales Analysis-Billing Analytics-end,1
Area Sales Manager ,Sales Analysis-Sales Analysis-Sales Analysis-Sales Analysis-Sales Analysis-Billing Analytics-end,1
Area Sales Manager ,Sales Analysis-Sales Analysis-Sales Analysis-end,1
Area sales manager,Billing Analytics-Billing Analytics-Billing Analytics-end,26
Area sales manager,Billing Analytics-Billing Analytics-end,54
Area sales manager,Billing Analytics-end,19
BI Developer,Bill Of Materials (BOM)-Bill Of Materials (BOM)-Sales Analysis-Sales Analysis-Sales Analysis-end,1
BI Developer,Bill Of Materials (BOM)-Bill Of Materials (BOM)-Stock Analytics-Inventory Turns Analytics-end,1
BI Developer,Billing Analytics-Billing Analytics-Billing Analytics-Billing Analytics-Billing Analytics-Billing Analytics-end,14
BI Developer,Billing Analytics-Billing Analytics-Billing Analytics-Billing Analytics-Billing Analytics-Sales Analysis-end,1
BI Developer,Billing Analytics-Billing Analytics-Billing Analytics-Billing Analytics-Billing Analytics-end,29
BI Developer,Billing Analytics-Billing Analytics-Billing Analytics-Billing Analytics-Sales Analysis-Sales Analysis-end,2
BI Developer,Billing Analytics-Billing Analytics-Billing Analytics-Billing Analytics-Sales Analysis-end,2
BI Developer,Billing Analytics-Billing Analytics-Billing Analytics-Billing Analytics-end,40
BI Developer,Billing Analytics-Billing Analytics-Billing Analytics-Sales Analysis-end,3
BI Developer,Billing Analytics-Billing Analytics-Billing Analytics-Stock Analytics-end,3
BI Developer,Billing Analytics-Billing Analytics-Billing Analytics-end,67
BI Developer,Billing Analytics-Billing Analytics-Not Set-Not Set-Not Set-Not Set-end,1
BI Developer,Billing Analytics-Billing Analytics-Purchasing Analytics-Purchasing Analytics-Purchasing Analytics-Purchasing Analytics-end,1
BI Developer,Billing Analytics-Billing Analytics-Sales Analysis-Billing Analytics-end,3
BI Developer,Billing Analytics-Billing Analytics-Sales Analysis-Not Set-Not Set-end,2
BI Developer,Billing Analytics-Billing Analytics-Sales Analysis-Sales Analysis-Billing Analytics-end,1
BI Developer,Billing Analytics-Billing Analytics-Sales Analysis-Sales Analysis-Sales Analysis-end,1
BI Developer,Billing Analytics-Billing Analytics-Sales Analysis-Sales Analysis-end,12
BI Developer,Billing Analytics-Billing Analytics-Sales Analysis-end,4
BI Developer,Billing Analytics-Billing Analytics-end,167
BI Developer,Billing Analytics-Not Set-Not Set-Not Set-Not Set-Not Set-end,1
BI Developer,Billing Analytics-Purchasing Analytics-Billing Analytics-Billing Analytics-end,1
BI Developer,Billing Analytics-Purchasing Analytics-Sales Analysis-end,4
BI Developer,Billing Analytics-Sales Analysis-Billing Analytics-Billing Analytics-Billing Analytics-Billing Analytics-end,1
BI Developer,Billing Analytics-Sales Analysis-Billing Analytics-Billing Analytics-Billing Analytics-end,4
BI Developer,Billing Analytics-Sales Analysis-Billing Analytics-Billing Analytics-Sales Analysis-Sales Analysis-end,1
BI Developer,Billing Analytics-Sales Analysis-Billing Analytics-Billing Analytics-end,5
BI Developer,Billing Analytics-Sales Analysis-Not Set-Not Set-Not Set-end,1
BI Developer,Billing Analytics-Sales Analysis-Sales Analysis-Billing Analytics-Billing Analytics-end,1
BI Developer,Billing Analytics-Sales Analysis-Sales Analysis-Billing Analytics-Sales Analysis-end,2
BI Developer,Billing Analytics-Sales Analysis-Sales Analysis-Sales Analysis-Bill Of Materials (BOM)-Bill Of Materials (BOM)-end,1
BI Developer,Billing Analytics-Sales Analysis-Sales Analysis-Sales Analysis-Sales Analysis-Sales Analysis-end,1
BI Developer,Billing Analytics-Sales Analysis-Sales Analysis-Sales Analysis-Sales Analysis-end,5
BI Developer,Billing Analytics-Sales Analysis-Sales Analysis-Sales Analysis-end,6
BI Developer,Billing Analytics-Sales Analysis-Sales Analysis-Stock Analytics-Stock Analytics-end,2
BI Developer,Billing Analytics-Sales Analysis-Sales Analysis-end,2
BI Developer,Billing Analytics-Sales Analysis-end,10
BI Developer,Billing Analytics-Stock Analytics-Sales Analysis-end,1
BI Developer,Billing Analytics-Stock Analytics-Stock Analytics-Stock Analytics-Stock Analytics-Billing Analytics-end,1
BI Developer,Billing Analytics-Stock Analytics-Stock Analytics-Stock Analytics-Stock Analytics-Sales Analysis-end,1
BI Developer,Billing Analytics-end,92
BI Developer,Inventory Turns Analytics-Bill Of Materials (BOM)-Inventory Turns Analytics-end,1
BI Developer,Inventory Turns Analytics-Inventory Turns Analytics-Inventory Turns Analytics-Bill Of Materials (BOM)-Stock Analytics-end,2
BI Developer,Inventory Turns Analytics-Inventory Turns Analytics-Inventory Turns Analytics-Stock Analytics-end,2
BI Developer,Inventory Turns Analytics-Inventory Turns Analytics-Stock Analytics-Stock Analytics-Stock Analytics-end,2
BI Developer,Inventory Turns Analytics-Stock Analytics-Inventory Turns Analytics-end,1
BI Developer,Inventory Turns Analytics-Stock Analytics-Stock Analytics-Stock Analytics-Stock Analytics-end,2
BI Developer,MRP Analytics-Purchasing Analytics-Sales Analysis-Sales Analysis-Planned Order-end,1
BI Developer,Material Movement Analytics-Material Movement Analytics-Material Movement Analytics-Material Movement Analytics-Sales Analysis-Sales Analysis-end,1
BI Developer,Material Spend Analytics-Material Spend Analytics-Sales Analysis-Sales Analysis-Sales Analysis-end,1
BI Developer,Material Spend Analytics-Sales Analysis-Sales Analysis-end,1
BI Developer,Not Set-Not Set-Billing Analytics-end,1
BI Developer,Not Set-Not Set-Not Set-Not Set-Not Set-Not Set-end,2
BI Developer,Not Set-Not Set-Sales Analysis-Sales Analysis-Sales Analysis-end,1
BI Developer,Not Set-Not Set-Sales Analysis-Sales Analysis-end,1
BI Developer,Planned Order-Planned Order-Shipment Analysis-Shipment Analysis-Shipment Analysis-end,1
BI Developer,Purchasing Analytics-Accounts Payable-Accounts Payable-Purchasing Analytics-Billing Analytics-Billing Analytics-end,1
BI Developer,Purchasing Analytics-Billing Analytics-Billing Analytics-Billing Analytics-Billing Analytics-Billing Analytics-end,2
BI Developer,Purchasing Analytics-Billing Analytics-Billing Analytics-Billing Analytics-Billing Analytics-end,2
BI Developer,Purchasing Analytics-Billing Analytics-Billing Analytics-Billing Analytics-end,4
BI Developer,Purchasing Analytics-Billing Analytics-Billing Analytics-end,5
BI Developer,Purchasing Analytics-Billing Analytics-end,2
BI Developer,Purchasing Analytics-Material Spend Analytics-Material Spend Analytics-Sales Analysis-Sales Analysis-Material Spend Analytics-end,1
BI Developer,Purchasing Analytics-Purchasing Analytics-Billing Analytics-Billing Analytics-end,1
BI Developer,Purchasing Analytics-Purchasing Analytics-Billing Analytics-Purchasing Analytics-Purchasing Analytics-Billing Analytics-end,1
BI Developer,Purchasing Analytics-Purchasing Analytics-Billing Analytics-end,1
BI Developer,Purchasing Analytics-Purchasing Analytics-Purchasing Analytics-Billing Analytics-Billing Analytics-end,1
BI Developer,Purchasing Analytics-Purchasing Analytics-Purchasing Analytics-Purchasing Analytics-Purchasing Analytics-Purchasing Analytics-end,2
BI Developer,Purchasing Analytics-Purchasing Analytics-Purchasing Analytics-Purchasing Analytics-Purchasing Analytics-Sales Analysis-end,1
BI Developer,Purchasing Analytics-Purchasing Analytics-Purchasing Analytics-Sales Analysis-Sales Analysis-end,1
BI Developer,Purchasing Analytics-Purchasing Analytics-Sales Analysis-Sales Analysis-Planned Order-end,1
BI Developer,Purchasing Analytics-Purchasing Analytics-end,4
BI Developer,Purchasing Analytics-Sales Analysis-Sales Analysis-Sales Analysis-Sales Analysis-Purchasing Analytics-end,1
BI Developer,Purchasing Analytics-Sales Analysis-Sales Analysis-end,5
BI Developer,Purchasing Analytics-end,2
BI Developer,Sales Analysis-Billing Analytics-Billing Analytics-Billing Analytics-Billing Analytics-Sales Analysis-end,1
BI Developer,Sales Analysis-Billing Analytics-Billing Analytics-Sales Analysis-Billing Analytics-end,2
BI Developer,Sales Analysis-Billing Analytics-Billing Analytics-Sales Analysis-Sales Analysis-Sales Analysis-end,2
BI Developer,Sales Analysis-Billing Analytics-Billing Analytics-end,12
BI Developer,Sales Analysis-Billing Analytics-Sales Analysis-Sales Analysis-end,3
BI Developer,Sales Analysis-Billing Analytics-Sales Analysis-end,2
BI Developer,Sales Analysis-Billing Analytics-end,6
BI Developer,Sales Analysis-Not Set-Not Set-Not Set-Sales Analysis-Sales Analysis-end,1
BI Developer,Sales Analysis-Sales Analysis-Billing Analytics-Billing Analytics-Billing Analytics-Billing Analytics-end,1
BI Developer,Sales Analysis-Sales Analysis-Billing Analytics-Billing Analytics-Billing Analytics-end,3
BI Developer,Sales Analysis-Sales Analysis-Billing Analytics-Billing Analytics-Sales Analysis-Sales Analysis-end,1
BI Developer,Sales Analysis-Sales Analysis-Billing Analytics-Billing Analytics-Sales Analysis-end,2
BI Developer,Sales Analysis-Sales Analysis-Billing Analytics-Billing Analytics-end,18
BI Developer,Sales Analysis-Sales Analysis-Billing Analytics-end,9
BI Developer,Sales Analysis-Sales Analysis-Not Set-Not Set-Not Set-end,1
BI Developer,Sales Analysis-Sales Analysis-Sales Analysis-Billing Analytics-Billing Analytics-end,3
BI Developer,Sales Analysis-Sales Analysis-Sales Analysis-Billing Analytics-Sales Analysis-end,2
BI Developer,Sales Analysis-Sales Analysis-Sales Analysis-Billing Analytics-end,19
BI Developer,Sales Analysis-Sales Analysis-Sales Analysis-Not Set-Sales Analysis-end,1
BI Developer,Sales Analysis-Sales Analysis-Sales Analysis-Sales Analysis-Billing Analytics-Billing Analytics-end,1
BI Developer,Sales Analysis-Sales Analysis-Sales Analysis-Sales Analysis-Billing Analytics-end,1
BI Developer,Sales Analysis-Sales Analysis-Sales Analysis-Sales Analysis-Sales Analysis-Billing Analytics-end,2
BI Developer,Sales Analysis-Sales Analysis-Sales Analysis-Sales Analysis-Sales Analysis-Not Set-end,1
BI Developer,Sales Analysis-Sales Analysis-Sales Analysis-Sales Analysis-Sales Analysis-Sales Analysis-end,34
BI Developer,Sales Analysis-Sales Analysis-Sales Analysis-Sales Analysis-Sales Analysis-end,42
BI Developer,Sales Analysis-Sales Analysis-Sales Analysis-Sales Analysis-end,75
BI Developer,Sales Analysis-Sales Analysis-Sales Analysis-Stock Analytics-end,1
BI Developer,Sales Analysis-Sales Analysis-Sales Analysis-end,70
BI Developer,Sales Analysis-Sales Analysis-end,70
BI Developer,Sales Analysis-Stock Analytics-Sales Analysis-end,3
BI Developer,Sales Analysis-Stock Analytics-Stock Analytics-end,1
BI Developer,Sales Analysis-end,14
BI Developer,Shipment Analysis-Sales Analysis-Sales Analysis-Sales Analysis-Sales Analysis-end,1
BI Developer,Shipment Analysis-Shipment Analysis-Shipment Analysis-Shipment Analysis-Shipment Analysis-end,9
BI Developer,Stock Analytics-Billing Analytics-Billing Analytics-Billing Analytics-end,3
BI Developer,Stock Analytics-Stock Analytics-Billing Analytics-Billing Analytics-Billing Analytics-end,1
BI Developer,Stock Analytics-Stock Analytics-Material Movement Analytics-Stock Analytics-Stock Analytics-Stock Analytics-end,1
BI Developer,Stock Analytics-Stock Analytics-Sales Analysis-end,1
BI Developer,Stock Analytics-Stock Analytics-Stock Analytics-Stock Analytics-Stock Analytics-Stock Analytics-end,3
BI Developer,Stock Analytics-Stock Analytics-Stock Analytics-Stock Analytics-Stock Analytics-end,12
BI Developer,Stock Analytics-Stock Analytics-Stock Analytics-Stock Analytics-end,17
BI Developer,Stock Analytics-Stock Analytics-Stock Analytics-end,10
BI Developer,Stock Analytics-end,3
Business Analyst,Purchasing Analytics-Purchasing Analytics-Purchasing Analytics-Purchasing Analytics-Purchasing Analytics-Purchasing Analytics-end,1
Business Systems Analyst,Bill Of Materials (BOM)-Bill Of Materials (BOM)-Bill Of Materials (BOM)-Planned Order-end,2
Business Systems Analyst,Bill Of Materials (BOM)-Bill Of Materials (BOM)-Billing Analytics-Bill Of Materials (BOM)-end,1
Business Systems Analyst,Bill Of Materials (BOM)-Bill Of Materials (BOM)-end,1
Business Systems Analyst,Billing Analytics-Billing Analytics-Billing Analytics-Billing Analytics-Stock Analytics-end,2
Business Systems Analyst,Billing Analytics-Billing Analytics-Billing Analytics-Billing Analytics-end,12
Business Systems Analyst,Billing Analytics-Billing Analytics-Billing Analytics-Sales Analysis-end,5
Business Systems Analyst,Billing Analytics-Billing Analytics-Billing Analytics-end,2
Business Systems Analyst,Billing Analytics-Billing Analytics-Sales Analysis-end,7
Business Systems Analyst,Billing Analytics-Billing Analytics-end,3
Business Systems Analyst,Billing Analytics-Sales Analysis-Billing Analytics-Sales Analysis-end,2
Business Systems Analyst,Billing Analytics-Sales Analysis-Sales Analysis-Sales Analysis-Stock Analytics-end,1
Business Systems Analyst,Billing Analytics-Sales Analysis-Sales Analysis-Sales Analysis-end,1
Business Systems Analyst,Billing Analytics-Sales Analysis-Sales Analysis-end,1
Business Systems Analyst,Billing Analytics-Sales Analysis-end,2
Business Systems Analyst,Billing Analytics-Stock Analytics-Stock Analytics-Sales Analysis-Sales Analysis-end,1
Business Systems Analyst,Inventory Turns Analytics-Inventory Turns Analytics-Material Movement Analytics-Material Movement Analytics-Billing Analytics-end,2
Business Systems Analyst,Not Set-Not Set-Not Set-Not Set-end,1
Business Systems Analyst,Planned Order-Billing Analytics-end,2
Business Systems Analyst,Planned Order-Sales Analysis-end,2
Business Systems Analyst,Purchasing Analytics-MRP Analytics-Sales Analysis-Billing Analytics-end,1
Business Systems Analyst,Sales Analysis-Billing Analytics-Billing Analytics-Sales Analysis-end,2
Business Systems Analyst,Sales Analysis-Billing Analytics-Billing Analytics-end,2
Business Systems Analyst,Sales Analysis-Billing Analytics-Sales Analysis-Sales Analysis-end,1
Business Systems Analyst,Sales Analysis-Not Set-Not Set-Not Set-Not Set-Not Set-end,1
Business Systems Analyst,Sales Analysis-Sales Analysis-Inventory Turns Analytics-Sales Analysis-Billing Analytics-end,1
Business Systems Analyst,Sales Analysis-Sales Analysis-Sales Analysis-Billing Analytics-Billing Analytics-end,1
Business Systems Analyst,Sales Analysis-Sales Analysis-Sales Analysis-Sales Analysis-Sales Analysis-Sales Analysis-end,7
Business Systems Analyst,Sales Analysis-Sales Analysis-Sales Analysis-Sales Analysis-Sales Analysis-end,5
Business Systems Analyst,Sales Analysis-Sales Analysis-Sales Analysis-Sales Analysis-Stock Analytics-end,1
Business Systems Analyst,Sales Analysis-Sales Analysis-Sales Analysis-Sales Analysis-end,12
Business Systems Analyst,Sales Analysis-Sales Analysis-Sales Analysis-end,5
Business Systems Analyst,Sales Analysis-Sales Analysis-end,4
Business Systems Analyst,Sales Analysis-Stock Analytics-Stock Analytics-end,3
Business Systems Analyst,Sales Analysis-end,10
Business Systems Analyst,Stock Analytics-Billing Analytics-Billing Analytics-Billing Analytics-end,2
Business Systems Analyst,Stock Analytics-Billing Analytics-Sales Analysis-Billing Analytics-Sales Analysis-end,1
Business Systems Analyst,Stock Analytics-Material Movement Analytics-Stock Analytics-Stock Analytics-Sales Analysis-end,1
Business Systems Analyst,Stock Analytics-Sales Analysis-Sales Analysis-Sales Analysis-Sales Analysis-end,1
Business Systems Analyst,Stock Analytics-Stock Analytics-Inventory Turns Analytics-Inventory Turns Analytics-Bill Of Materials (BOM)-end,1
Business Systems Analyst,Stock Analytics-Stock Analytics-Inventory Turns Analytics-Inventory Turns Analytics-Inventory Turns Analytics-end,1
Business Systems Analyst,Stock Analytics-Stock Analytics-Sales Analysis-Sales Analysis-Sales Analysis-end,1
Business Systems Analyst,Stock Analytics-Stock Analytics-Sales Analysis-Sales Analysis-end,1
Business Systems Analyst,Stock Analytics-Stock Analytics-Stock Analytics-Stock Analytics-Stock Analytics-Stock Analytics-end,2
Business Systems Analyst,Stock Analytics-Stock Analytics-Stock Analytics-Stock Analytics-Stock Analytics-end,2
Business Systems Analyst,Stock Analytics-Stock Analytics-Stock Analytics-Stock Analytics-end,5
Business Systems Analyst,Stock Analytics-Stock Analytics-Stock Analytics-end,2
Business Systems Analyst,Stock Analytics-Stock Analytics-end,6
Business Systems Analyst,Stock Analytics-end,6
Canadian National Sales Manager,Billing Analytics-Billing Analytics-Billing Analytics-Billing Analytics-end,3
Canadian National Sales Manager,Billing Analytics-Billing Analytics-Billing Analytics-end,14
Canadian National Sales Manager,Billing Analytics-Billing Analytics-end,42
Canadian National Sales Manager,Billing Analytics-end,7
Canadian National Sales Manager,Sales Analysis-Sales Analysis-Sales Analysis-Sales Analysis-Sales Analysis-Sales Analysis-end,1
Canadian Sales Manager,Billing Analytics-Billing Analytics-Billing Analytics-Billing Analytics-end,3
Canadian Sales Manager,Billing Analytics-Billing Analytics-Billing Analytics-end,5
Canadian Sales Manager,Billing Analytics-Billing Analytics-end,8
Canadian Sales Manager,Billing Analytics-end,8
Canadian Sales Manager,Sales Analysis-Sales Analysis-Sales Analysis-Sales Analysis-end,2
Canadian Sales Manager,Sales Analysis-Sales Analysis-Sales Analysis-end,1
Canadian Sales Manager,Sales Analysis-Sales Analysis-end,19
Controller,Billing Analytics-Billing Analytics-Billing Analytics-Billing Analytics-end,1
Customer Master Specialist,Purchasing Analytics-Purchasing Analytics-Purchasing Analytics-Purchasing Analytics-Sales Analysis-end,1
Customer Master Specialist,Sales Analysis-Sales Analysis-Sales Analysis-Sales Analysis-end,3
Customer Master Specialist,Sales Analysis-end,1
Demand Manager,Accounts Payable-Billing Analytics-Billing Analytics-end,1
Demand Manager,Inventory Turns Analytics-Inventory Turns Analytics-Inventory Turns Analytics-end,2
Demand Manager,Inventory Turns Analytics-end,2
Demand Manager,Material Spend Analytics-Sales Analysis-Sales Analysis-Sales Analysis-end,1
Demand Manager,Purchasing Analytics-Purchasing Analytics-Purchasing Analytics-Purchasing Analytics-Purchasing Analytics-Purchasing Analytics-end,1
Demand Manager,Purchasing Analytics-Sales Analysis-Sales Analysis-Sales Analysis-Stock Analytics-Stock Analytics-end,1
Demand Manager,Sales Analysis-Planned Order-end,1
Demand Manager,Sales Analysis-Sales Analysis-Inventory Turns Analytics-Sales Analysis-end,2
Demand Manager,Sales Analysis-Sales Analysis-Sales Analysis-Sales Analysis-Sales Analysis-Sales Analysis-end,2
Demand Manager,Sales Analysis-Sales Analysis-Sales Analysis-Sales Analysis-Sales Analysis-end,5
Demand Manager,Sales Analysis-Sales Analysis-Sales Analysis-Sales Analysis-end,1
Demand Manager,Sales Analysis-Sales Analysis-Sales Analysis-Stock Analytics-Stock Analytics-end,1
Demand Manager,Sales Analysis-Sales Analysis-Sales Analysis-end,7
Demand Manager,Sales Analysis-Sales Analysis-end,3
Demand Manager,Stock Analytics-Inventory Turns Analytics-Inventory Turns Analytics-Inventory Turns Analytics-end,1
Demand Manager,Stock Analytics-Stock Analytics-Stock Analytics-Material Movement Analytics-Stock Analytics-Stock Analytics-end,1
Demand Manager,Stock Analytics-Stock Analytics-Stock Analytics-Stock Analytics-Stock Analytics-Stock Analytics-end,1
Director of Sales,Billing Analytics-Billing Analytics-end,9
Director of Sales,Sales Analysis-Sales Analysis-Sales Analysis-Sales Analysis-Sales Analysis-Sales Analysis-end,1
Finance Intern,Billing Analytics-Billing Analytics-Billing Analytics-end,8
Finance Intern,Billing Analytics-Sales Analysis-end,4
Finance Intern,Billing Analytics-end,4
Finance Intern,Sales Analysis-Sales Analysis-Sales Analysis-Sales Analysis-end,2
Financial Analyst,Production Order-Production Order-Production Order-Production Order-Production Order-Production Order-end,1
Financial Analyst,Production Order-Production Order-end,1
Financial Analyst,Stock Analytics-Stock Analytics-Stock Analytics-Production Order-Production Order-end,2
Financial Analyst,Stock Analytics-Stock Analytics-Stock Analytics-Stock Analytics-Stock Analytics-Stock Analytics-end,3
Financial Analyst,Stock Analytics-Stock Analytics-Stock Analytics-Stock Analytics-Stock Analytics-end,2
IT Manager,Bill Of Materials (BOM)-Bill Of Materials (BOM)-Bill Of Materials (BOM)-Bill Of Materials (BOM)-Bill Of Materials (BOM)-end,1
IT Manager,Inventory History-Production Order-Production Order-MRP Analytics-MRP Analytics-Inventory History-end,1
IT Manager,MRP Analytics-MRP Analytics-MRP Analytics-MRP Analytics-MRP Analytics-MRP Analytics-end,1
IT Manager,Production Order-Production Order-Inventory History-Inventory History-Inventory History-end,1
IT Manager,Purchasing Analytics-Purchasing Analytics-MRP Analytics-MRP Analytics-end,1
IT Manager,Purchasing Analytics-Purchasing Analytics-Purchasing Analytics-Purchasing Analytics-Purchasing Analytics-Purchasing Analytics-end,1
IT Manager,"Quality Notifications Analytics-Quality Notifications Analytics-Quality Notifications Analytics-Inspection Lot Analytics-Receivings,Inspection and Notifications-Receivings,Inspection and Notifications-end",1
IT Manager,Sales Analysis-Sales Analysis-Sales Analysis-Sales Analysis-Sales Analysis-Sales Analysis-end,1
Infrastructure Leader,Sales Analysis-Sales Analysis-Sales Analysis-Sales Analysis-end,1
Lead Business Analyst,Not Set-Not Set-Not Set-Not Set-Not Set-Not Set-end,1
Lead Business Analyst,Purchasing Analytics-Purchasing Analytics-Purchasing Analytics-Material Spend Analytics-Material Spend Analytics-Purchasing Analytics-end,1
"Manager, Financial Planning & Analysis",Billing Analytics-Billing Analytics-Billing Analytics-Billing Analytics-Billing Analytics-Billing Analytics-end,1
Market Specialist,Billing Analytics-Billing Analytics-Billing Analytics-Billing Analytics-Billing Analytics-Billing Analytics-end,1
Market Specialist,Billing Analytics-Billing Analytics-Billing Analytics-end,2
Market Specialist,Billing Analytics-Billing Analytics-end,1
Market Specialist,Billing Analytics-end,2
Materials Manager,Excess and Shortage Analytics-MRP Analytics-Stock Analytics-end,2
Materials Manager,MRP Analytics-MRP Analytics-Stock Analytics-end,1
Materials Manager,Purchasing Analytics-Sales Analysis-Purchasing Analytics-Purchasing Analytics-Sales Analysis-Sales Analysis-end,1
Materials Manager,Shipment Analysis-Sales Analysis-Sales Analysis-Purchasing Analytics-Purchasing Analytics-Sales Analysis-end,1
Materials Manager,Stock Summary-MRP Analytics-Stock Analytics-end,1
Not Set,Billing Analytics-Billing Analytics-Billing Analytics-Billing Analytics-Billing Analytics-Billing Analytics-end,1
Not Set,Billing Analytics-Billing Analytics-Billing Analytics-Billing Analytics-Billing Analytics-end,4
Not Set,Billing Analytics-Billing Analytics-Billing Analytics-Billing Analytics-end,6
Not Set,Billing Analytics-Billing Analytics-Billing Analytics-end,34
Not Set,Billing Analytics-Billing Analytics-Sales Analysis-Sales Analysis-end,1
Not Set,Billing Analytics-Billing Analytics-end,94
Not Set,Billing Analytics-end,63
Not Set,Sales Analysis-Billing Analytics-Billing Analytics-end,1
Not Set,Sales Analysis-Billing Analytics-Sales Analysis-end,1
Not Set,Sales Analysis-Sales Analysis-Sales Analysis-Sales Analysis-end,1
Not Set,Sales Analysis-Sales Analysis-Sales Analysis-end,5
Not Set,Sales Analysis-Sales Analysis-end,10
OEM Account Manager,Billing Analytics-Billing Analytics-Sales Analysis-Sales Analysis-Sales Analysis-end,1
OEM Account Manager,Billing Analytics-Sales Analysis-end,1
OEM Account Manager,Sales Analysis-Sales Analysis-Sales Analysis-Sales Analysis-Sales Analysis-Billing Analytics-end,1
OEM Account Manager,Sales Analysis-Sales Analysis-Sales Analysis-Sales Analysis-end,2
OEM Account Manager,Sales Analysis-Sales Analysis-Sales Analysis-end,8
Production Clerk,Stock Analytics-Stock Analytics-Stock Analytics-Stock Analytics-Stock Analytics-Stock Analytics-end,1
Production Clerk,Stock Analytics-Stock Analytics-Stock Analytics-Stock Analytics-Stock Analytics-end,54
Production Clerk,Stock Analytics-Stock Analytics-Stock Analytics-Stock Analytics-end,82
Production Clerk,Stock Analytics-Stock Analytics-end,4
Project Manager - Demand Management,Planned Order-MRP Analytics-MRP Analytics-MRP Analytics-MRP Analytics-MRP Analytics-end,1
Project Manager - Demand Management,Planned Order-Planned Order-Production Order-Planned Order-MRP Analytics-end,1
Project Manager - Demand Management,Production Order-Production Order-Production Order-end,1
Sales Operations Analyst,Billing Analytics-Billing Analytics-end,35
Sales Operations Analyst,Billing Analytics-Sales Analysis-Sales Analysis-Sales Analysis-end,2
Sales Operations Analyst,Billing Analytics-Sales Analysis-end,1
Sales Operations Analyst,Sales Analysis-Sales Analysis-end,3
Salesforce Admin/Project Mgr,Billing Analytics-Billing Analytics-Billing Analytics-Billing Analytics-Billing Analytics-Billing Analytics-end,1
Salesforce Admin/Project Mgr,Billing Analytics-Billing Analytics-Billing Analytics-Billing Analytics-Billing Analytics-end,2
Salesforce Admin/Project Mgr,Billing Analytics-Billing Analytics-Billing Analytics-Billing Analytics-end,8
Salesforce Admin/Project Mgr,Billing Analytics-Billing Analytics-Billing Analytics-end,33
Salesforce Admin/Project Mgr,Billing Analytics-Billing Analytics-end,176
Salesforce Admin/Project Mgr,Billing Analytics-Sales Analysis-Sales Analysis-Sales Analysis-Sales Analysis-Billing Analytics-end,1
Salesforce Admin/Project Mgr,Billing Analytics-Sales Analysis-end,6
Salesforce Admin/Project Mgr,Billing Analytics-end,84
Salesforce Admin/Project Mgr,Sales Analysis-Sales Analysis-Sales Analysis-Billing Analytics-Sales Analysis-end,1
Salesforce Admin/Project Mgr,Sales Analysis-Sales Analysis-Sales Analysis-Sales Analysis-Sales Analysis-end,2
Salesforce Admin/Project Mgr,Sales Analysis-Sales Analysis-Sales Analysis-end,12
Salesforce Admin/Project Mgr,Sales Analysis-Sales Analysis-end,59
Salesforce Admin/Project Mgr,Sales Analysis-end,17
Senior BI/BO Technical Analyst,Accounts Payable-Accounts Payable-Accounts Payable-Purchasing Analytics-Purchasing Analytics-Purchasing Analytics-end,1
Senior BI/BO Technical Analyst,Billing Analytics-Billing Analytics-end,4
Senior BI/BO Technical Analyst,Billing Analytics-Sales Analysis-Sales Analysis-Sales Analysis-Billing Analytics-end,1
Senior BI/BO Technical Analyst,MRP Analytics-Purchasing Analytics-Stock Analytics-Production Order-end,1
Senior BI/BO Technical Analyst,Purchasing Analytics-Purchasing Analytics-Stock Analytics-Production Order-end,1
Senior BI/BO Technical Analyst,Sales Analysis-Sales Analysis-Sales Analysis-Sales Analysis-Sales Analysis-end,3
Senior BI/BO Technical Analyst,Sales Analysis-Sales Analysis-Sales Analysis-end,2
Senior BI/BO Technical Analyst,Sales Analysis-Sales Analysis-end,4
Senior BI/BO Technical Analyst,Sales Analysis-end,5
Senior BI/BO Technical Analyst,Shipment Analysis-Bill Of Materials (BOM)-end,1
Senior BI/BO Technical Analyst,Stock Analytics-Sales Analysis-Sales Analysis-Sales Analysis-Billing Analytics-end,1
Senior BI/BO Technical Analyst,Stock Analytics-Stock Analytics-Stock Analytics-Billing Analytics-end,1
Senior Buyer/Planner,Excess and Shortage Analytics-Sales Analysis-Sales Analysis-end,1
Senior Buyer/Planner,Stock Summary-Sales Analysis-Sales Analysis-end,1
Sr Finance Business Partner,Sales Analysis-Billing Analytics-Billing Analytics-end,4
Sr. IT Manager,Accounts Payable-Accounts Receivable Analytics-Accounts Payable-Billing Analytics-end,1
Sr. IT Manager,Billing Analytics-Bill Of Materials (BOM)-Bill Of Materials (BOM)-Billing Analytics-Sales Analysis-Bill Of Materials (BOM)-end,1
Sr. IT Manager,Billing Analytics-Billing Analytics-Billing Analytics-Billing Analytics-Billing Analytics-Billing Analytics-end,1
Sr. IT Manager,Billing Analytics-Billing Analytics-Billing Analytics-Billing Analytics-Billing Analytics-Sales Analysis-end,1
Sr. IT Manager,Billing Analytics-Billing Analytics-Billing Analytics-Billing Analytics-Billing Analytics-end,4
Sr. IT Manager,Billing Analytics-Billing Analytics-Billing Analytics-Billing Analytics-Sales Analysis-Sales Analysis-end,1
Sr. IT Manager,Billing Analytics-Billing Analytics-Billing Analytics-Billing Analytics-end,10
Sr. IT Manager,Billing Analytics-Billing Analytics-Billing Analytics-Sales Analysis-Sales Analysis-end,1
Sr. IT Manager,Billing Analytics-Billing Analytics-Billing Analytics-end,9
Sr. IT Manager,Billing Analytics-Billing Analytics-Sales Analysis-Sales Analysis-end,4
Sr. IT Manager,Billing Analytics-Billing Analytics-Stock Analytics-Stock Analytics-end,6
Sr. IT Manager,Billing Analytics-Billing Analytics-end,22
Sr. IT Manager,Billing Analytics-Sales Analysis-Billing Analytics-Billing Analytics-Billing Analytics-end,2
Sr. IT Manager,Billing Analytics-Sales Analysis-Billing Analytics-Billing Analytics-Sales Analysis-end,1
Sr. IT Manager,Billing Analytics-Sales Analysis-Billing Analytics-end,1
Sr. IT Manager,Billing Analytics-Sales Analysis-Sales Analysis-Billing Analytics-Purchasing Analytics-Billing Analytics-end,1
Sr. IT Manager,Billing Analytics-Sales Analysis-Sales Analysis-Billing Analytics-Sales Analysis-Sales Analysis-end,1
Sr. IT Manager,Billing Analytics-Sales Analysis-Sales Analysis-Sales Analysis-Sales Analysis-Stock Analytics-end,1
Sr. IT Manager,Billing Analytics-Sales Analysis-Sales Analysis-Sales Analysis-Sales Analysis-end,2
Sr. IT Manager,Billing Analytics-Sales Analysis-Sales Analysis-Sales Analysis-end,1
Sr. IT Manager,Billing Analytics-Sales Analysis-Sales Analysis-end,2
Sr. IT Manager,Billing Analytics-Sales Analysis-end,2
Sr. IT Manager,Billing Analytics-end,5
Sr. IT Manager,Inventory History-Inventory History-Inventory History-Inventory History-Inventory History-Inventory History-end,1
Sr. IT Manager,Inventory History-Stock Analytics-Stock Analytics-Stock Analytics-end,1
Sr. IT Manager,Inventory Turns Analytics-Planned Order-end,2
Sr. IT Manager,Inventory Turns Analytics-Sales Analysis-Inventory Turns Analytics-Inventory Turns Analytics-end,2
Sr. IT Manager,Inventory Turns Analytics-Stock Analytics-Stock Analytics-Stock Analytics-Sales Analysis-end,2
Sr. IT Manager,Inventory Turns Analytics-Stock Analytics-Stock Analytics-Stock Analytics-Stock Analytics-end,2
Sr. IT Manager,Purchasing Analytics-Purchasing Analytics-Purchasing Analytics-Purchasing Analytics-Purchasing Analytics-Purchasing Analytics-end,3
Sr. IT Manager,Sales Analysis-Billing Analytics-Billing Analytics-Billing Analytics-Billing Analytics-end,6
Sr. IT Manager,Sales Analysis-Billing Analytics-Billing Analytics-Billing Analytics-end,4
Sr. IT Manager,Sales Analysis-Billing Analytics-Billing Analytics-Sales Analysis-Sales Analysis-end,2
Sr. IT Manager,Sales Analysis-Billing Analytics-Billing Analytics-end,7
Sr. IT Manager,Sales Analysis-Billing Analytics-Sales Analysis-Sales Analysis-end,1
Sr. IT Manager,Sales Analysis-Billing Analytics-Sales Analysis-end,1
Sr. IT Manager,Sales Analysis-Billing Analytics-end,10
Sr. IT Manager,Sales Analysis-Sales Analysis-Accounts Payable-Accounts Payable-end,1
Sr. IT Manager,Sales Analysis-Sales Analysis-Billing Analytics-Billing Analytics-Billing Analytics-Billing Analytics-end,1
Sr. IT Manager,Sales Analysis-Sales Analysis-Billing Analytics-Billing Analytics-Billing Analytics-end,2
Sr. IT Manager,Sales Analysis-Sales Analysis-Billing Analytics-Sales Analysis-end,2
Sr. IT Manager,Sales Analysis-Sales Analysis-Billing Analytics-end,8
Sr. IT Manager,Sales Analysis-Sales Analysis-Sales Analysis-Billing Analytics-Billing Analytics-Billing Analytics-end,1
Sr. IT Manager,Sales Analysis-Sales Analysis-Sales Analysis-Billing Analytics-Billing Analytics-end,1
Sr. IT Manager,Sales Analysis-Sales Analysis-Sales Analysis-Billing Analytics-end,5
Sr. IT Manager,Sales Analysis-Sales Analysis-Sales Analysis-Sales Analysis-Billing Analytics-end,4
Sr. IT Manager,Sales Analysis-Sales Analysis-Sales Analysis-Sales Analysis-Sales Analysis-Sales Analysis-end,16
Sr. IT Manager,Sales Analysis-Sales Analysis-Sales Analysis-Sales Analysis-Sales Analysis-Stock Analytics-end,1
Sr. IT Manager,Sales Analysis-Sales Analysis-Sales Analysis-Sales Analysis-Sales Analysis-end,28
Sr. IT Manager,Sales Analysis-Sales Analysis-Sales Analysis-Sales Analysis-end,48
Sr. IT Manager,Sales Analysis-Sales Analysis-Sales Analysis-Stock Analytics-Stock Analytics-end,2
Sr. IT Manager,Sales Analysis-Sales Analysis-Sales Analysis-Stock Analytics-end,1
Sr. IT Manager,Sales Analysis-Sales Analysis-Sales Analysis-end,58
Sr. IT Manager,Sales Analysis-Sales Analysis-Stock Analytics-Billing Analytics-Billing Analytics-end,2
Sr. IT Manager,Sales Analysis-Sales Analysis-Stock Analytics-end,2
Sr. IT Manager,Sales Analysis-Sales Analysis-end,27
Sr. IT Manager,Sales Analysis-Stock Analytics-Stock Analytics-end,2
Sr. IT Manager,Sales Analysis-end,6
Sr. IT Manager,Shipment Analysis-Sales Analysis-Sales Analysis-Sales Analysis-Sales Analysis-Sales Analysis-end,1
Sr. IT Manager,Shipment Analysis-Stock Analytics-Planned Order-end,1
Sr. IT Manager,Stock Analytics-Billing Analytics-end,1
Sr. IT Manager,Stock Analytics-Stock Analytics-Billing Analytics-Billing Analytics-Billing Analytics-end,1
Sr. IT Manager,Stock Analytics-Stock Analytics-Billing Analytics-Billing Analytics-end,1
Sr. IT Manager,Stock Analytics-Stock Analytics-Sales Analysis-end,3
Sr. IT Manager,Stock Analytics-Stock Analytics-Stock Analytics-Stock Analytics-Stock Analytics-Stock Analytics-end,9
Sr. IT Manager,Stock Analytics-Stock Analytics-Stock Analytics-Stock Analytics-Stock Analytics-end,5
Sr. IT Manager,Stock Analytics-Stock Analytics-Stock Analytics-Stock Analytics-end,15
Sr. IT Manager,Stock Analytics-Stock Analytics-Stock Analytics-end,6
Sr. IT Manager,Stock Analytics-Stock Analytics-end,5
Sr. IT Manager,Stock Analytics-end,1
Sr.Technical Architect,Billing Analytics-Sales Analysis-Sales Analysis-Billing Analytics-Sales Analysis-end,1
Sr.Technical Architect,Billing Analytics-Sales Analysis-Sales Analysis-Sales Analysis-Sales Analysis-end,1
Sr.Technical Architect,Billing Analytics-Sales Analysis-Stock Analytics-Stock Analytics-end,1
Sr.Technical Architect,Sales Analysis-Sales Analysis-Sales Analysis-Not Set-Not Set-end,1
Sr.Technical Architect,Sales Analysis-Sales Analysis-Sales Analysis-Sales Analysis-Sales Analysis-Sales Analysis-end,3
Sr.Technical Architect,Sales Analysis-Sales Analysis-Sales Analysis-Sales Analysis-Sales Analysis-end,3
Sr.Technical Architect,Sales Analysis-Sales Analysis-Stock Analytics-Stock Analytics-end,2
Sr.Technical Architect,Sales Analysis-end,1
Sr.Technical Architect,Stock Analytics-end,1
Supply Chain Coordinator,Billing Analytics-Billing Analytics-Billing Analytics-Billing Analytics-Billing Analytics-Billing Analytics-end,4
Supply Chain Coordinator,Billing Analytics-Billing Analytics-Billing Analytics-Billing Analytics-Billing Analytics-Sales Analysis-end,4
Supply Chain Coordinator,Billing Analytics-Billing Analytics-Billing Analytics-Billing Analytics-Billing Analytics-Stock Analytics-end,1
Supply Chain Coordinator,Billing Analytics-Billing Analytics-Billing Analytics-Billing Analytics-Billing Analytics-end,8
Supply Chain Coordinator,Billing Analytics-Billing Analytics-Billing Analytics-Billing Analytics-Sales Analysis-Sales Analysis-end,1
Supply Chain Coordinator,Billing Analytics-Billing Analytics-Billing Analytics-Billing Analytics-Sales Analysis-end,2
Supply Chain Coordinator,Billing Analytics-Billing Analytics-Billing Analytics-Billing Analytics-Stock Analytics-end,1
Supply Chain Coordinator,Billing Analytics-Billing Analytics-Billing Analytics-Billing Analytics-end,48
Supply Chain Coordinator,Billing Analytics-Billing Analytics-Billing Analytics-Sales Analysis-end,1
Supply Chain Coordinator,Billing Analytics-Billing Analytics-Billing Analytics-Stock Analytics-Stock Analytics-end,1
Supply Chain Coordinator,Billing Analytics-Billing Analytics-Billing Analytics-end,3
Supply Chain Coordinator,Billing Analytics-Billing Analytics-Material Movement Analytics-Billing Analytics-end,1
Supply Chain Coordinator,Billing Analytics-Billing Analytics-Sales Analysis-Sales Analysis-end,1
Supply Chain Coordinator,Billing Analytics-Billing Analytics-Sales Analysis-end,4
Supply Chain Coordinator,Billing Analytics-Billing Analytics-Stock Analytics-Stock Analytics-end,3
Supply Chain Coordinator,Billing Analytics-Billing Analytics-end,3
Supply Chain Coordinator,Billing Analytics-Sales Analysis-Sales Analysis-Sales Analysis-Sales Analysis-Billing Analytics-end,1
Supply Chain Coordinator,Billing Analytics-Sales Analysis-Sales Analysis-Sales Analysis-Sales Analysis-end,1
Supply Chain Coordinator,Billing Analytics-Sales Analysis-Sales Analysis-Sales Analysis-end,2
Supply Chain Coordinator,Billing Analytics-Sales Analysis-Sales Analysis-end,1
Supply Chain Coordinator,Billing Analytics-Sales Analysis-end,1
Supply Chain Coordinator,Excess and Shortage Analytics-Stock Summary-Excess and Shortage Analytics-Billing Analytics-Sales Analysis-Sales Analysis-end,1
Supply Chain Coordinator,Inventory Turns Analytics-Inventory Turns Analytics-Purchasing Analytics-Sales Analysis-Purchasing Analytics-end,2
Supply Chain Coordinator,MRP Analytics-end,2
Supply Chain Coordinator,Material Movement Analytics-Material Movement Analytics-Material Movement Analytics-Shipment Analysis-Sales Analysis-end,1
Supply Chain Coordinator,Production Order-Production Order-Production Order-Production Order-Production Order-Production Order-end,1
Supply Chain Coordinator,Production Order-Production Order-Production Order-Production Order-end,3
Supply Chain Coordinator,Purchasing Analytics-Purchasing Analytics-Purchasing Analytics-Purchasing Analytics-Purchasing Analytics-Purchasing Analytics-end,1
Supply Chain Coordinator,Sales Analysis-Billing Analytics-Billing Analytics-Billing Analytics-Billing Analytics-end,1
Supply Chain Coordinator,Sales Analysis-Billing Analytics-end,3
Supply Chain Coordinator,Sales Analysis-Sales Analysis-Billing Analytics-Billing Analytics-end,1
Supply Chain Coordinator,Sales Analysis-Sales Analysis-Billing Analytics-end,1
Supply Chain Coordinator,Sales Analysis-Sales Analysis-Sales Analysis-Purchasing Analytics-Purchasing Analytics-Purchasing Analytics-end,1
Supply Chain Coordinator,Sales Analysis-Sales Analysis-Sales Analysis-Sales Analysis-Production Order-Sales Analysis-end,1
Supply Chain Coordinator,Sales Analysis-Sales Analysis-Sales Analysis-Sales Analysis-Sales Analysis-Billing Analytics-end,3
Supply Chain Coordinator,Sales Analysis-Sales Analysis-Sales Analysis-Sales Analysis-Sales Analysis-Sales Analysis-end,36
Supply Chain Coordinator,Sales Analysis-Sales Analysis-Sales Analysis-Sales Analysis-Sales Analysis-Shipment Analysis-end,1
Supply Chain Coordinator,Sales Analysis-Sales Analysis-Sales Analysis-Sales Analysis-Sales Analysis-Stock Analytics-end,1
Supply Chain Coordinator,Sales Analysis-Sales Analysis-Sales Analysis-Sales Analysis-Sales Analysis-end,39
Supply Chain Coordinator,Sales Analysis-Sales Analysis-Sales Analysis-Sales Analysis-end,14
Supply Chain Coordinator,Sales Analysis-Sales Analysis-Sales Analysis-Stock Analytics-Stock Analytics-Sales Analysis-end,1
Supply Chain Coordinator,Sales Analysis-Sales Analysis-Sales Analysis-Stock Analytics-Stock Analytics-end,1
Supply Chain Coordinator,Sales Analysis-Sales Analysis-Sales Analysis-Stock Analytics-end,1
Supply Chain Coordinator,Sales Analysis-Sales Analysis-Sales Analysis-end,7
Supply Chain Coordinator,Sales Analysis-Sales Analysis-Stock Analytics-Sales Analysis-Sales Analysis-Sales Analysis-end,1
Supply Chain Coordinator,Sales Analysis-Sales Analysis-Stock Analytics-Sales Analysis-end,3
Supply Chain Coordinator,Sales Analysis-Sales Analysis-Stock Analytics-Stock Analytics-Sales Analysis-Stock Analytics-end,1
Supply Chain Coordinator,Sales Analysis-Sales Analysis-Stock Analytics-Stock Analytics-Stock Analytics-end,1
Supply Chain Coordinator,Sales Analysis-Sales Analysis-Stock Analytics-Stock Analytics-end,1
Supply Chain Coordinator,Sales Analysis-Sales Analysis-end,1
Supply Chain Coordinator,Sales Analysis-Stock Analytics-Stock Analytics-Stock Analytics-Stock Analytics-Stock Analytics-end,1
Supply Chain Coordinator,Sales Analysis-end,1
Supply Chain Coordinator,Shipment Analysis-Sales Analysis-Sales Analysis-Sales Analysis-Sales Analysis-end,1
Supply Chain Coordinator,Shipment Analysis-Sales Analysis-Sales Analysis-Sales Analysis-end,1
Supply Chain Coordinator,Stock Analytics-Billing Analytics-Billing Analytics-Billing Analytics-end,1
Supply Chain Coordinator,Stock Analytics-Billing Analytics-Billing Analytics-end,1
Supply Chain Coordinator,Stock Analytics-Billing Analytics-Stock Analytics-end,4
Supply Chain Coordinator,Stock Analytics-Billing Analytics-end,3
Supply Chain Coordinator,Stock Analytics-Material Movement Analytics-Stock Analytics-Stock Analytics-Stock Analytics-Stock Analytics-end,2
Supply Chain Coordinator,Stock Analytics-Stock Analytics-Bill Of Materials (BOM)-Inventory Turns Analytics-Inventory Turns Analytics-end,1
Supply Chain Coordinator,Stock Analytics-Stock Analytics-Billing Analytics-Billing Analytics-end,2
Supply Chain Coordinator,Stock Analytics-Stock Analytics-Production Order-Production Order-Production Order-end,1
Supply Chain Coordinator,Stock Analytics-Stock Analytics-Sales Analysis-Sales Analysis-Sales Analysis-Sales Analysis-end,2
Supply Chain Coordinator,Stock Analytics-Stock Analytics-Sales Analysis-Sales Analysis-Sales Analysis-Stock Analytics-end,1
Supply Chain Coordinator,Stock Analytics-Stock Analytics-Sales Analysis-Sales Analysis-Sales Analysis-end,1
Supply Chain Coordinator,Stock Analytics-Stock Analytics-Sales Analysis-Sales Analysis-end,3
Supply Chain Coordinator,Stock Analytics-Stock Analytics-Stock Analytics-Billing Analytics-Billing Analytics-Billing Analytics-end,1
Supply Chain Coordinator,Stock Analytics-Stock Analytics-Stock Analytics-Sales Analysis-Sales Analysis-Sales Analysis-end,1
Supply Chain Coordinator,Stock Analytics-Stock Analytics-Stock Analytics-Stock Analytics-Billing Analytics-Billing Analytics-end,4
Supply Chain Coordinator,Stock Analytics-Stock Analytics-Stock Analytics-Stock Analytics-Production Order-end,1
Supply Chain Coordinator,Stock Analytics-Stock Analytics-Stock Analytics-Stock Analytics-Purchasing Analytics-end,1
Supply Chain Coordinator,Stock Analytics-Stock Analytics-Stock Analytics-Stock Analytics-Sales Analysis-Sales Analysis-end,2
Supply Chain Coordinator,Stock Analytics-Stock Analytics-Stock Analytics-Stock Analytics-Sales Analysis-end,1
Supply Chain Coordinator,Stock Analytics-Stock Analytics-Stock Analytics-Stock Analytics-Stock Analytics-Sales Analysis-end,1
Supply Chain Coordinator,Stock Analytics-Stock Analytics-Stock Analytics-Stock Analytics-Stock Analytics-Stock Analytics-end,42
Supply Chain Coordinator,Stock Analytics-Stock Analytics-Stock Analytics-Stock Analytics-Stock Analytics-end,23
Supply Chain Coordinator,Stock Analytics-Stock Analytics-Stock Analytics-Stock Analytics-end,82
Supply Chain Coordinator,Stock Analytics-Stock Analytics-Stock Analytics-end,14
Supply Chain Coordinator,Stock Analytics-Stock Analytics-end,11
Supply Chain Coordinator,Stock Analytics-end,1
System Specialist,Billing Analytics-Billing Analytics-Billing Analytics-Billing Analytics-Billing Analytics-Billing Analytics-end,1
System Specialist,Billing Analytics-Billing Analytics-Billing Analytics-end,12
System Specialist,Billing Analytics-Billing Analytics-end,46
System Specialist,Billing Analytics-end,7
System Specialist,Sales Analysis-Sales Analysis-Sales Analysis-Sales Analysis-Sales Analysis-end,1
TM,Billing Analytics-Billing Analytics-Billing Analytics-end,5
TM,Billing Analytics-Billing Analytics-end,4
TM,Sales Analysis-Sales Analysis-Sales Analysis-end,4
Territory Manager,Billing Analytics-Billing Analytics-Billing Analytics-Billing Analytics-Billing Analytics-end,9
Territory Manager,Billing Analytics-Billing Analytics-Billing Analytics-Billing Analytics-end,40
Territory Manager,Billing Analytics-Billing Analytics-Billing Analytics-Sales Analysis-Sales Analysis-end,1
Territory Manager,Billing Analytics-Billing Analytics-Billing Analytics-end,69
Territory Manager,Billing Analytics-Billing Analytics-end,90
Territory Manager,Sales Analysis-Billing Analytics-Billing Analytics-Billing Analytics-end,1
Territory Manager,Sales Analysis-Sales Analysis-Sales Analysis-Sales Analysis-Sales Analysis-Sales Analysis-end,1
Territory Manager - Michigan,Billing Analytics-Billing Analytics-Billing Analytics-Billing Analytics-end,6
Territory Manager - Michigan,Billing Analytics-Billing Analytics-Billing Analytics-end,18
Territory Manager - Michigan,Billing Analytics-Billing Analytics-Sales Analysis-end,1
Territory Manager - Michigan,Billing Analytics-Billing Analytics-end,28
Territory Manager - Michigan,Billing Analytics-end,26
Territory Manager - Michigan,Sales Analysis-Sales Analysis-Sales Analysis-Sales Analysis-Sales Analysis-Sales Analysis-end,1
Territory Manager - Michigan,Sales Analysis-Sales Analysis-end,1
Territory Manager: Oregon // Alaska,Billing Analytics-Billing Analytics-Billing Analytics-end,16
Territory Manager: Oregon // Alaska,Billing Analytics-Billing Analytics-end,46
Territory Manager: Oregon // Alaska,Billing Analytics-end,28
Territory Manager: Oregon // Alaska,Sales Analysis-Billing Analytics-end,4
Territory Manager: Oregon // Alaska,Sales Analysis-Sales Analysis-Billing Analytics-end,1
Territory Sales Manager,Billing Analytics-Billing Analytics-Billing Analytics-Billing Analytics-end,3
Territory Sales Manager,Billing Analytics-Billing Analytics-Billing Analytics-end,6
Territory Sales Manager,Billing Analytics-Billing Analytics-end,8
Territory Sales Manager,Billing Analytics-end,7
VP & CIO,Bill Of Materials (BOM)-Bill Of Materials (BOM)-Stock Analytics-Inventory Turns Analytics-Inventory Turns Analytics-end,1
VP & CIO,Billing Analytics-Billing Analytics-Billing Analytics-Billing Analytics-Billing Analytics-end,4
VP & CIO,Billing Analytics-Billing Analytics-Billing Analytics-end,10
VP & CIO,Billing Analytics-Billing Analytics-Sales Analysis-Sales Analysis-Billing Analytics-end,1
VP & CIO,Billing Analytics-Billing Analytics-Sales Analysis-Sales Analysis-Sales Analysis-Sales Analysis-end,1
VP & CIO,Billing Analytics-Billing Analytics-Sales Analysis-Sales Analysis-Sales Analysis-end,1
VP & CIO,Billing Analytics-Billing Analytics-Sales Analysis-Sales Analysis-end,1
VP & CIO,Billing Analytics-Billing Analytics-end,21
VP & CIO,Billing Analytics-Sales Analysis-Sales Analysis-Billing Analytics-Sales Analysis-end,1
VP & CIO,Billing Analytics-Sales Analysis-Sales Analysis-Sales Analysis-Sales Analysis-Sales Analysis-end,1
VP & CIO,Billing Analytics-Sales Analysis-Sales Analysis-Sales Analysis-Sales Analysis-end,7
VP & CIO,Billing Analytics-Sales Analysis-Sales Analysis-Sales Analysis-end,14
VP & CIO,Billing Analytics-Sales Analysis-Sales Analysis-end,5
VP & CIO,Billing Analytics-Sales Analysis-end,12
VP & CIO,Inventory Turns Analytics-Inventory Turns Analytics-Inventory Turns Analytics-Inventory Turns Analytics-end,2
VP & CIO,Inventory Turns Analytics-Inventory Turns Analytics-Stock Analytics-Inventory Turns Analytics-end,2
VP & CIO,Inventory Turns Analytics-Sales Analysis-Sales Analysis-Sales Analysis-Sales Analysis-Sales Analysis-end,1
VP & CIO,Sales Analysis-Billing Analytics-Billing Analytics-end,3
VP & CIO,Sales Analysis-Billing Analytics-Sales Analysis-Sales Analysis-end,2
VP & CIO,Sales Analysis-Sales Analysis-Billing Analytics-end,5
VP & CIO,Sales Analysis-Sales Analysis-Planned Order-Sales Analysis-Sales Analysis-Not Set-end,1
VP & CIO,Sales Analysis-Sales Analysis-Sales Analysis-Billing Analytics-Sales Analysis-end,1
VP & CIO,Sales Analysis-Sales Analysis-Sales Analysis-Sales Analysis-Sales Analysis-Sales Analysis-end,2
VP & CIO,Sales Analysis-Sales Analysis-Sales Analysis-Sales Analysis-end,2
VP & CIO,Sales Analysis-Sales Analysis-Sales Analysis-end,3
VP & CIO,Sales Analysis-Sales Analysis-end,2
VP & CIO,Stock Analytics-Stock Analytics-Stock Analytics-Sales Analysis-Sales Analysis-end,2
VP & CIO,Stock Analytics-Stock Analytics-Stock Analytics-Stock Analytics-Sales Analysis-Sales Analysis-end,1
VP & CIO,Stock Analytics-Stock Analytics-Stock Analytics-Stock Analytics-Stock Analytics-end,2
VP ISC,Billing Analytics-Billing Analytics-end,3
VP ISC,MRP Analytics-Stock Analytics-Sales Analysis-end,4
VP ISC,Purchasing Analytics-Purchasing Analytics-Production Order-Production Order-Sales Analysis-Sales Analysis-end,1
VP ISC,Sales Analysis-Purchasing Analytics-Purchasing Analytics-Purchasing Analytics-Purchasing Analytics-Purchasing Analytics-end,1
VP ISC,Sales Analysis-Sales Analysis-Sales Analysis-MRP Analytics-Stock Analytics-end,1
VP ISC,Sales Analysis-Sales Analysis-Sales Analysis-Sales Analysis-Sales Analysis-Sales Analysis-end,1
VP ISC,Sales Analysis-Sales Analysis-Sales Analysis-end,1
VP ISC,Stock Analytics-Stock Analytics-Material Movement Analytics-Planned Order-end,1
VP of ISC,Sales Analysis-end,1
mASTER dATA aNALYST,Production Order-Production Order-Production Order-Production Order-Production Order-end,2
mASTER dATA aNALYST,Production Order-Production Order-Production Order-Production Order-end,3
mASTER dATA aNALYST,Production Order-Production Order-Production Order-end,1
mASTER dATA aNALYST,Purchasing Analytics-Production Order-Production Order-end,1
mASTER dATA aNALYST,Sales Analysis-Production Order-Production Order-Production Order-Stock Analytics-end,1
mASTER dATA aNALYST,Stock Analytics-Stock Analytics-Sales Analysis-Sales Analysis-Sales Analysis-Production Order-end,1
sales,Billing Analytics-Billing Analytics-Billing Analytics-end,3
sales,Billing Analytics-Billing Analytics-end,10
sales,Billing Analytics-end,8
sales,Sales Analysis-Sales Analysis-Sales Analysis-Sales Analysis-Sales Analysis-Sales Analysis-end,1
sales,Sales Analysis-end,1
